wx_precip_day,n,injury_rate,lift_vs_dry_pct
0,378802,0.14383767773137418,0.0
1,267645,0.13933381905135533,-3.1312092568889227
